dish_name,cuisine,context_string
Thai Spring Rolls,Thai,Appetizer: Crispy deep-fried vegetable rolls with a sweet chili dipping sauce. Savory and crunchy street food staple.
Chicken Satay,Thai,Appetizer: Grilled marinated chicken skewers served with creamy peanut sauce and cucumber relish. Aromatic and protein-rich.
Fresh Summer Rolls,Thai,"Appetizer: Translucent rice paper rolls with fresh herbs, shrimp, and vermicelli. Healthy, cold, and refreshing."
Thai Fried Calamari,Thai,Appetizer: Lightly battered crispy squid rings seasoned with Thai spices and served with spicy mayo or chili sauce.
Thai Fish Cakes,Thai,Appetizer: Spiced fish patties with red curry paste and kaffir lime leaves. Springy texture with a herbal aroma.
Green Papaya Salad,Thai,"Salad: Iconic Som Tum. Shredded green papaya, chilies, garlic, and peanuts tossed in a lime-fish sauce dressing."
Thai Chicken Wings,Thai,Appetizer: Crispy wings glazed in a sweet and spicy tamarind or garlic chili sauce. Bold and savory.
Thai Shrimp Cakes,Thai,"Appetizer: Breaded and fried minced shrimp patties. Juicy interior with a golden, crunchy exterior."
Fried Wontons,Thai,Appetizer: Crispy pastry shells filled with seasoned minced pork or shrimp. Classic fried snack.
Fried Tofu,Thai,Appetizer: Deep-fried bean curd blocks served with sweet chili sauce and crushed peanuts. Vegan-friendly crunch.
Golden Bags,Thai,"Appetizer: Crispy money bags filled with minced chicken, shrimp, and water chestnuts. Festive and bite-sized."
Thai Curry Puffs,Thai,"Appetizer: Flaky pastry shells filled with curried chicken and potatoes. Savory, buttery, and aromatic."
Chicken Lettuce Wraps,Thai,"Appetizer: Sautéed minced chicken with water chestnuts and herbs, served in crisp lettuce cups. Fresh and light."
Steamed Dumplings,Thai,"Appetizer: Tender dough parcels filled with pork and shrimp, served with ginger soy sauce. Soft and savory."
Thai Corn Fritters,Thai,"Appetizer: Sweet corn kernels mixed with red curry paste and deep-fried. Sweet, savory, and chewy."
Larb Gai,Thai,"Salad: Traditional minced chicken salad with lime juice, fish sauce, toasted rice powder, and fresh mint."
Shrimp in a Blanket,Thai,Appetizer: Whole shrimp wrapped in spring roll pastry and deep-fried. Elegant and crispy seafood snack.
Sun-Dried Beef,Thai,"Appetizer/Main: Deep-fried marinated beef strips. Salty, chewy, and intensely savory jerky-style dish."
Waterfall Beef Salad,Thai,"Salad: Nam Tok. Sliced grilled beef tossed with lime, chili, and toasted rice. Smoky and punchy flavor."
Coconut Shrimp,Thai,Appetizer: Crispy butterfly shrimp coated in sweet coconut flakes and deep-fried. Tropical and crunchy.
Pad Thai,Thai,"Main Course: Thailand's national dish. Stir-fried rice noodles with eggs, tofu, tamarind, and peanuts. Sweet-savory balance."
Pad See Ew,Thai,"Main Course: Wide rice noodles stir-fried with dark soy sauce, Chinese broccoli, and egg. Charred, salty, and comforting."
Drunken Noodles,Thai,"Main Course: Pad Kee Mao. Spicy stir-fried wide noodles with basil, chilies, and garlic. Bold, herbal, and intensely savory."
Khao Soi,Thai,"Main Course: Northern Thai coconut curry noodle soup. Topped with crispy noodles, lime, and pickled mustard greens. Rich and creamy."
Pad Woon Sen,Thai,"Main Course: Stir-fried glass noodles with vegetables and egg. Light, savory, and silky texture."
Boat Noodles,Thai,"Main Course: Intense, dark noodle soup flavored with blood, spices, and herbs. Small bowls with deep, complex umami."
Rad Na,Thai,"Main Course: Wide rice noodles topped with a thick, savory gravy and Chinese broccoli. Silky and comforting."
Kuay Teow Nua,Thai,Main Course: Traditional Thai beef noodle soup. Slow-cooked beef in a fragrant star anise and cinnamon broth.
Pad Kra Pao,Thai,"Main Course: Holy basil stir-fry with minced meat and chilies. The ultimate Thai street food staple, usually with a fried egg."
Cashew Chicken,Thai,"Main Course: Stir-fried chicken with crunchy cashew nuts, bell peppers, and onions in a sweet-savory sauce."
Pad Priew Wan,Thai,"Main Course: Thai-style sweet and sour stir-fry with pineapple, cucumber, and tomatoes. Bright and fruity."
Pad Ginger,Thai,"Main Course: Stir-fried meat with fresh shredded ginger, wood ear mushrooms, and onions. Zesty and aromatic."
Pad Prik Khing,Thai,Main Course: Dry curry stir-fry with red curry paste and long beans. Fragrant with kaffir lime leaves and no coconut milk.
Garlic Pepper Stir-Fry,Thai,"Main Course: Simple, aromatic stir-fry dominated by toasted garlic and cracked black pepper."
Kana Moo Krob,Thai,"Main Course: Crispy pork belly stir-fried with Chinese broccoli and oyster sauce. Decadent, salty, and crunchy."
Mixed Vegetable Stir-Fry,Thai,Main Course: Seasonal vegetables sautéed in a light garlic and soy sauce. Healthy and crisp.
Green Curry,Thai,"Main Course: Spicy and sweet coconut milk curry made with green chilies, bamboo shoots, and Thai basil."
Red Curry,Thai,"Main Course: Versatile coconut curry made with dried red chilies. Savory, creamy, and moderately spicy."
Yellow Curry,Thai,"Main Course: Mild, turmeric-based coconut curry with potatoes and onions. Inspired by Indian flavors."
Massaman Curry,Thai,"Main Course: Rich, thick Persian-influenced curry with peanuts, potatoes, and warm spices like cardamom and cinnamon."
Panang Curry,Thai,"Main Course: Thick, salty-sweet red curry with a nutty peanut flavor and kaffir lime leaves."
Jungle Curry,Thai,"Main Course: Water-based spicy curry without coconut milk. Intensely herbal, spicy, and full of vegetables."
Pineapple Curry,Thai,"Main Course: Red curry base with sweet pineapple chunks and seafood or duck. Sweet, sour, and spicy."
Duck Curry,Thai,"Main Course: Roasted duck in red curry with pineapple, cherry tomatoes, and grapes. Rich and celebratory."
Thai Fried Rice,Thai,"Main Course: Classic jasmine rice stir-fry with egg, onions, and tomatoes. Simple and universally loved."
Pineapple Fried Rice,Thai,"Main Course: Fragrant fried rice with pineapple, raisins, and cashews, often served in a carved pineapple shell."
Basil Fried Rice,Thai,"Main Course: Spicy fried rice with holy basil, chilies, and garlic. A fragrant and fiery meal."
Crab Fried Rice,Thai,Main Course: Premium fried rice featuring generous chunks of sweet crab meat and scallions.
Crying Tiger,Thai,Main Course: Grilled marinated steak sliced thin and served with a fiery 'Jaew' dipping sauce. Smoky and bold.
Larb,Thai,"Salad: Zesty minced meat salad with lime, toasted rice powder, and fresh mint. Vibrant and punchy."
Gai Yang,Thai,"Main Course: Thai-style grilled chicken marinated in lemongrass, garlic, and coriander root. Juicy and smoky."
Steam Ginger Fish,Thai,"Main Course: Whole fish or fillet steamed with ginger, scallions, and soy sauce. Light, healthy, and aromatic."
Pla Rad Prik,Thai,"Main Course: Deep-fried whole fish topped with a thick, spicy, sweet and sour chili sauce."
Khao Kha Moo,Thai,Main Course: Braised pork trotter in five-spice soy broth served over rice with pickled greens and a boiled egg.
Khao Mok Gai,Thai,"Main Course: Thai-style Chicken Biryani. Turmeric rice with tender chicken, served with a sweet chili-mint sauce."
Yum Woon Sen,Thai,"Salad: Spicy and sour glass noodle salad with shrimp, minced pork, peanuts, and fresh herbs."
Tom Yum Soup,Thai,"Soup: Iconic hot and sour soup with lemongrass, galangal, lime leaves, and chilies. Bold and medicinal."
Tom Kha Soup,Thai,"Soup: Silky coconut milk soup with galangal and lime. Creamy, tangy, and aromatic."
Khua Kling,Thai,Main Course: Southern Thai dry-fried minced meat curry. Extremely spicy and packed with turmeric and herbs.
Mango Sticky Rice,Thai,Dessert: Most famous Thai dessert. Sweetened glutinous rice served with ripe yellow mango and salted coconut cream.
Fried Bananas,Thai,"Dessert: Crispy battered bananas drizzled with honey or sesame seeds. Crunchy outside, soft inside."
Thai Coconut Custard,Thai,"Dessert: Khanom Mo Kaeng. Baked custard made with coconut milk, eggs, and palm sugar, topped with fried shallots."
Sweet Sticky Rice with Custard,Thai,"Dessert: Steamed sticky rice topped with a smooth, sweet coconut egg custard wrap."
Roti with Condensed Milk,Thai,Dessert: Pan-fried flaky flatbread drizzled with sweetened condensed milk and sugar. Street food favorite.
Thai Iced Tea,Thai,"Drink: Strongly brewed black tea with spices, sweetened with sugar and topped with evaporated milk. Iconic orange color."
Thai Iced Coffee,Thai,"Drink: Strong dark roasted coffee with cardamom, sweetened and served with cream over ice."
Pink Milk,Thai,"Drink: Nom Yen. Sweet sala syrup mixed with milk. Vibrant pink, creamy, and floral."
Fresh Whole Coconut,Thai,"Drink: Natural, refreshing coconut water served inside the chilled young fruit."
Vegetable Samosa,Indian,Appetizer: Crispy triangular pastry filled with spiced potatoes and peas. Traditional savory deep-fried snack.
Paneer Tikka,Indian,"Appetizer: Cubes of marinated cottage cheese grilled in a tandoor oven. Smoky, aromatic, and protein-rich."
Chicken Tikka,Indian,Appetizer: Boneless marinated chicken pieces grilled on skewers. Intense tandoori spices and smoky finish.
Gobi Manchurian,Indian,"Appetizer: Indo-Chinese fusion dish. Crispy cauliflower florets tossed in a spicy, tangy soy-garlic sauce."
Vegetable Pakora,Indian,Appetizer: Assorted vegetable fritters dipped in chickpea batter and deep-fried. Crunchy and savory.
Samosa Chaat,Indian,"Appetizer: Deconstructed samosas topped with chickpeas, yogurt, chutneys, and spices. Street food medley."
Chicken 65,Indian,"Appetizer: Spicy, deep-fried chicken tempered with curry leaves and chilies. A fiery South Indian classic."
Papdi Chaat,Indian,"Appetizer: Crisp flour wafers topped with potatoes, yogurt, and tangy tamarind chutney. Cooling street food."
Aloo Tikki,Indian,"Appetizer: Spiced potato patties, pan-fried until golden and crispy. Often served with mint chutney."
Onion Bhaji,Indian,Appetizer: Sliced onion fritters bound with gram flour and spices. Highly aromatic and very crunchy.
Pani Puri,Indian,Appetizer: Golgappa. Hollow crispy balls filled with spiced mint water and potatoes. Iconic flavor explosion.
Chicken Lollipop,Indian,Appetizer: Frenched chicken wings battered and fried in a spicy Indo-Chinese style. Popular finger food.
Seekh Kebab,Indian,"Appetizer: Minced lamb seasoned with spices, pressed onto skewers and grilled. Juicy and intensely aromatic."
Chilli Paneer,Indian,"Appetizer: Indo-Chinese stir-fry of cottage cheese with bell peppers, green chilies, and soy sauce."
Hara Bhara Kabab,Indian,"Appetizer: Healthy vegetarian patties made from spinach, peas, and potatoes. Earthy and herb-forward."
Tandoori Chicken,Indian,"Appetizer/Main: Bone-in chicken marinated in yogurt and spices, roasted in a clay oven. Bright red and smoky."
Dahi Puri,Indian,Appetizer: Crispy puris filled with potatoes and topped with sweetened yogurt and sev. Sweet and tangy.
Bhel Puri,Indian,"Appetizer: Savory snack made of puffed rice, vegetables, and a tangy tamarind sauce. Light and crunchy."
Vada Pav,Indian,Appetizer: Mumbai street food burger. Spicy potato fritter inside a soft bread bun with garlic chutney.
Paneer Pakora,Indian,Appetizer: Cottage cheese slices dipped in spiced gram flour batter and deep-fried. Soft and savory.
Chilli Chicken,Indian,"Appetizer: Classic Indo-Chinese dish of fried chicken tossed in a spicy, savory chili-soy gravy."
Medhu Vada,Indian,"Appetizer: Savory donut-shaped lentil fritters. Crispy exterior with a soft, fluffy interior."
Idli,Indian,"Appetizer/Breakfast: Steamed fermented rice and lentil cakes. Mild, healthy, and soft texture."
Fish Tikka,Indian,Appetizer: Fillets of fish marinated in tandoori spices and grilled. Tender and smoky seafood.
Lamb Boti Kebab,Indian,Appetizer: Tender chunks of lamb marinated in a rich spice blend and grilled to perfection.
Malai Kofta,Indian,"Main Course: Fried potato and paneer dumplings in a rich, creamy tomato-onion gravy. Indulgent, sweet, and velvety."
Masala Papad,Indian,"Appetizer: Roasted or fried lentil cracker topped with chopped onions, tomatoes, and chaat masala. Tangy and crunchy."
Kachori,Indian,Appetizer: Flaky deep-fried pastry filled with spiced lentils or onions. Traditional Rajasthani street snack.
Sabudana Vada,Indian,"Appetizer: Crispy deep-fried patties made of tapioca pearls, potatoes, and peanuts. Chewy and crunchy snack."
Bharwan Mushroom,Indian,"Appetizer: Button mushrooms stuffed with spiced cheese and herbs, usually grilled. Earthy and savory."
Amritsari Fish Fry,Indian,"Appetizer: Gram-flour battered fish fillets with carom seeds and spices. Crispy, tangy, and protein-rich."
Dahi Bhalla,Indian,Appetizer: Soft lentil dumplings soaked in thick yogurt and topped with sweet and spicy chutneys. Cooling and tangy.
Chicken Chapli Kebab,Indian,Appetizer: Pashtun-style minced chicken patties with pomegranate seeds and dry spices. Smoky and textured.
Gobi 65,Indian,"Appetizer: Spicy, deep-fried cauliflower florets seasoned with curry leaves. A vegetarian version of Chicken 65."
Moong Dal Halwa Kachumber,Indian,"Side: A light salad of sprouted lentils, lime, and fresh vegetables. Healthy, crunchy, and zesty."
Mogo Chips,Indian,"Appetizer: Fried cassava chips seasoned with salt and chili. A starchy, crunchy alternative to potato fries."
Khandvi,Indian,"Appetizer: Savory gram flour rolls tempered with mustard seeds and coconut. Silky, light, and healthy."
Chicken Malai Kebab,Indian,"Appetizer: Creamy chicken skewers marinated in cream, cheese, and mild spices. Tender and melt-in-mouth."
Shrimp Tandoori,Indian,"Appetizer: Jumbo prawns marinated in yogurt and tandoori spices, charred in a clay oven. Smoky seafood."
Veg Spring Rolls,Indian,Appetizer: Crispy pastry rolls filled with stir-fried vegetables. An Indo-Chinese staple snack.
Chicken Tikka Masala,Indian,"Main Course: Grilled chicken in a complex, creamy tomato gravy. Balanced spices with a hint of sweetness."
Butter Chicken,Indian,Main Course: Murgh Makhani. Tandoori chicken simmered in a smooth buttery tomato sauce. Creamy and iconic.
Chicken Biryani,Indian,"Main Course: Layered basmati rice and chicken cooked with saffron, caramelized onions, and whole spices."
Palak Paneer,Indian,"Main Course: Cubes of fresh cottage cheese in a thick, vibrant spinach puree. Earthy, mild, and nutritious."
Lamb Rogan Josh,Indian,Main Course: Classic Kashmiri lamb curry cooked with yogurt and aromatic red chilies. Rich and tender.
Chana Masala,Indian,Main Course: Chickpeas cooked in a tangy tomato-onion gravy with ginger and amchoor. Zesty and protein-packed.
Tandoori Chicken Main,Indian,Main Course: Large portion of roasted tandoori chicken served as a main meal with naan and mint chutney.
Masala Dosa,Indian,Main Course: Large crispy rice crepe stuffed with tempered potato masala. Served with sambar and coconut chutney.
Lamb Vindaloo,Indian,Main Course: Goan-style fiery lamb curry made with vinegar and garlic. Extremely spicy and tangy.
Aloo Gobi,Indian,"Main Course: Simple comfort food of cauliflower and potatoes sautéed with turmeric, ginger, and cumin."
Dal Makhani,Indian,"Main Course: Slow-cooked black lentils with kidney beans, butter, and cream. Earthy, smoky, and extremely rich."
Chicken Korma,Indian,"Main Course: Mild and luxurious curry made with yogurt, nuts, and poppy seeds. Fragrant with cardamom and saffron."
Paneer Tikka Masala,Indian,Main Course: Grilled cottage cheese cubes in a spiced tomato gravy. A vegetarian version of the world-famous Tikka Masala.
Chicken Jalfrezi,Indian,"Main Course: A spicy stir-fry style curry with green chilies, bell peppers, and onions. Tangy and bold."
Malai Kofta Main,Indian,Main Course: Large serving of fried paneer dumplings in a silky cashew-based gravy. Served as a celebratory main.
Baingan Bharta,Indian,Main Course: Smoky mashed eggplant roasted over an open flame and sautéed with peas and spices. Rustic and earthy.
Shahi Paneer,Indian,"Main Course: 'Royal' cottage cheese curry in a thick gravy of cream, tomatoes, and spices. Sweet and savory."
Chicken Curry,Indian,"Main Course: Home-style chicken stew with a thin, spicy onion-tomato gravy. Fragrant with ginger and garlic."
Lamb Curry,Indian,Main Course: Slow-braised lamb in a traditional spice-heavy gravy. Deep umami and tender meat.
Matar Paneer,Indian,"Main Course: Classic pairing of cottage cheese and green peas in a mild, tomato-based sauce."
Kadai Paneer,Indian,Main Course: Paneer cooked in a 'Kadai' (wok) with freshly ground coriander and dried red chilies. Spicy and textured.
Saag Chicken,Indian,Main Course: Tender chicken cooked in a nutrient-dense puree of spinach and mustard greens. Savory and herbal.
Shrimp Tandoori Main,Indian,Main Course: Large charred prawns seasoned with carom seeds and yogurt. Served as a protein-heavy main dish.
Bhindi Masala,Indian,"Main Course: Sautéed okra with translucent onions, dry mango powder, and turmeric. A non-slimy, flavorful veg dish."
Chole Bhature,Indian,"Main Course: Spicy chickpea curry served with a large, fluffy deep-fried bread. A quintessential North Indian feast."
Fish Curry Goan,Indian,Main Course: Coastal fish curry made with a coconut milk base and tangy tamarind or kokum. Tropical and spicy.
Lamb Madras,Indian,"Main Course: Fiery South Indian lamb curry featuring coconut, curry leaves, and a heavy dose of red chilies."
Navratan Korma,Indian,"Main Course: 'Nine-gem' curry made with nine different vegetables, fruits, and nuts in a mild creamy sauce."
Yellow Dal Tadka,Indian,"Main Course: Yellow lentils tempered with ghee, cumin, garlic, and dried chilies. The ultimate Indian comfort food."
Paneer Bhurji,Indian,"Main Course: Scrambled cottage cheese sautéed with onions, tomatoes, and green chilies. Quick and savory."
Chicken 65 Main,Indian,Main Course: Large portion of fiery deep-fried chicken tempered with yogurt and curry leaves. Served with rice or paratha.
Goat Biryani,Indian,"Main Course: Slow-cooked 'Dum' rice dish with tender goat meat, aromatic spices, and caramelized onions."
Vegetable Pulao,Indian,Main Course: Fragrant basmati rice cooked with seasonal vegetables and whole spices like cloves and cinnamon.
Chicken Do Pyaza,Indian,Main Course: A savory curry featuring onions added at two different stages to provide both sweetness and texture.
Kadhai Chicken,Indian,Main Course: Chicken sautéed with bell peppers and coarse spices in a traditional Indian wok. Bold and peppery.
Tandoori Mixed Grill,Indian,"Main Course: An assortment of charred meats including chicken tikka, seekh kebabs, and prawns. Smoky, protein-rich, and festive."
Lamb Boti Kabab Main,Indian,"Main Course: A generous portion of succulent lamb chunks marinated in yogurt and spices, grilled in a tandoor."
Paneer Makhani,Indian,"Main Course: Cubes of cottage cheese in a rich, buttery, and slightly sweet tomato-cream sauce. Velvety and mild."
Shrimp Curry,Indian,Main Course: Fresh prawns simmered in a coconut or onion-tomato based gravy with coastal spices. Savory and zesty.
Dal Fry,Indian,"Main Course: Yellow lentils cooked with onions and tomatoes, then finished with a 'tadka' of garlic and cumin."
Keema Matar,Indian,Main Course: Minced lamb or goat meat cooked with green peas and warm garam masala spices. Savory and textured.
Mushroom Masala,Indian,"Main Course: Sautéed mushrooms in a thick, spicy gravy. Earthy and packed with umami."
Fish Tikka Main,Indian,Main Course: Large serving of grilled fish fillets marinated in mustard oil and tandoori spices.
Chicken Chettinad,Indian,"Main Course: A fiery and aromatic South Indian chicken curry featuring black pepper, kalpasi, and coconut."
Egg Curry,Indian,"Main Course: Hard-boiled eggs simmered in a spicy tomato-onion gravy. Simple, protein-rich comfort food."
Nihari,Indian,"Main Course: A slow-cooked, rich beef or lamb stew flavored with marrow and long pepper. Deep, gelatinous, and savory."
Aloo Matar,Indian,"Main Course: A classic North Indian home-style curry of potatoes and green peas in a thin, spiced gravy."
Lamb Pasanda,Indian,"Main Course: A creamy, mild lamb curry marinated in yogurt and flavored with almonds and cardamom. Nutty and delicate."
Gobi Manchurian Main,Indian,"Main Course: Indo-Chinese fusion. Crispy cauliflower florets in a thick, spicy-tangy soy sauce. Savory street-style meal."
Chilli Chicken Main,Indian,"Main Course: Stir-fried crispy chicken with bell peppers and green chilies in a bold, dark soy sauce."
Chicken Tikka Main,Indian,Main Course: A platter of smoky grilled chicken tikka served as a complete meal with mint chutney and salad.
Vegetable Makhanwala,Indian,"Main Course: Assorted vegetables cooked in a creamy 'Makhani' (buttery) sauce. Rich, sweet, and mild."
Pork Vindaloo,Indian,Main Course: A traditional Goan pork curry with a sharp vinegar tang and intense heat from dried red chilies.
Methi Chicken,Indian,"Main Course: Chicken cooked with fresh fenugreek leaves. Bitter-savory, aromatic, and deeply herbal."
Paneer Ghee Roast,Indian,Main Course: A Mangalorean specialty. Paneer roasted in clarified butter (ghee) with a fiery red chili paste.
Lemon Rice,Indian,"Main Course: Zesty South Indian basmati rice flavored with lemon juice, mustard seeds, turmeric, and crunchy peanuts."
Bisi Bele Bath,Indian,"Main Course: A wholesome Karnataka-style dish of rice, lentils, and vegetables cooked with a unique spice blend."
Tandoori Salmon,Indian,"Main Course: Premium salmon fillets marinated in Indian spices and charred. Smoky, flaky, and rich in fats."
Chilli Paneer Main,Indian,"Main Course: A main-sized serving of Indo-Chinese stir-fried paneer with onions, peppers, and chili sauce."
Puri Bhaji,Indian,Main Course: Deep-fried puffed bread served with a spiced potato curry. A popular Indian breakfast or lunch staple.
Gulab Jamun,Indian,Dessert: Spongy milk-solid balls deep-fried and soaked in a rose and cardamom flavored sugar syrup. Soft and syrupy.
Rasmalai,Indian,"Dessert: Flattened cottage cheese patties soaked in thickened, sweetened milk flavored with saffron and pistachios."
Kheer,Indian,"Dessert: Traditional rice pudding cooked with milk, sugar, and dry fruits. Creamy, comforting, and aromatic."
Gajar Ka Halwa,Indian,"Dessert: Rich pudding made from grated carrots simmered in milk, ghee, and sugar. Warm and decadent."
Rasgulla,Indian,Dessert: Spongy white balls of chhena (cottage cheese) cooked in a light sugar syrup. Light and juicy.
Kulfi,Indian,Dessert: Traditional dense Indian ice cream made by reducing milk for hours. Flavored with saffron and pistachios.
Jalebi,Indian,"Dessert: Crispy, spiral-shaped deep-fried batter soaked in sugar syrup. Crunchy, sticky, and intensely sweet."
Laddu,Indian,"Dessert: Round festive sweets made from flour, sugar, and ghee. Features varied textures from nutty to smooth."
Kaju Katli,Indian,"Dessert: Thin, diamond-shaped fudge made from premium cashews and sugar. Silky, nutty, and celebratory."
Mango Lassi,Indian,"Drink: A thick, refreshing yogurt-based smoothie blended with ripe Alphonso mangoes and a touch of cardamom."
Falooda,Indian,"Dessert/Drink: A cold dessert soup with rose syrup, vermicelli, basil seeds, and a scoop of ice cream. Textural variety."
Shrikhand,Indian,"Dessert: Thick, strained yogurt flavored with saffron, cardamom, and sugar. Velvety, tangy, and sweet."
Soan Papdi,Indian,"Dessert: Flaky, cube-shaped dessert with a crisp, fiber-like texture that melts in the mouth. Made from gram flour."
Kalakand,Indian,"Dessert: A moist, grainy milk cake made from solidified sweetened milk and cottage cheese. Rich and milky."
Barfi,Indian,Dessert: Dense milk-based fudge available in various flavors like pistachio or almond. A staple Indian sweet.
Moong Dal Halwa,Indian,"Dessert: A rich, heavy pudding made from split yellow lentils, swimming in ghee and sugar. Deeply savory-sweet."
Peda,Indian,"Dessert: Soft, circular fudge made from 'khoya' (evaporated milk solids) and sugar. A popular temple offering."
Mysore Pak,Indian,"Dessert: A porous, ghee-rich fudge made from chickpea flour. It has a unique buttery, melt-in-the-mouth texture."
Sandesh,Indian,"Dessert: A delicate Bengali sweet made from fresh chhena (cottage cheese). Light, airy, and mildly sweet."
Gulab Jamun Cheesecake,Indian,Dessert: Modern fusion dish combining the creamy richness of cheesecake with the syrup-soaked joy of Gulab Jamun.
Tzatziki with Warm Pita,Greek,"Appetizer: Cool yogurt dip with cucumber, garlic, and dill. Served with toasted bread. Refreshing and zesty."
Spanakopita,Greek,"Appetizer: Flaky phyllo pastry layers filled with spinach, feta cheese, and onions. Savory, buttery, and herbal."
Saganaki,Greek,Appetizer: Pan-seared kefalograviera cheese flambéed with brandy and finished with lemon juice. Salty and gooey.
Dolmades,Greek,"Appetizer: Tender grape leaves stuffed with rice, herbs, and sometimes meat, drizzled with olive oil and lemon."
Calamari Tiganita,Greek,Appetizer: Crispy deep-fried squid rings seasoned with sea salt and served with fresh lemon wedges.
Grilled Octopus,Greek,"Appetizer: Charred octopus tentacles marinated in red wine vinegar and oregano. Smoky, tender, and acidic."
Htipiti,Greek,"Appetizer: Spicy roasted red pepper and feta cheese dip. A creamy, tangy spread with a subtle chili kick."
Melitzanosalata,Greek,"Appetizer: Roasted eggplant dip with garlic, olive oil, and lemon. Smoky, rustic, and vegan-friendly."
Keftedakia,Greek,"Appetizer: Traditional small beef meatballs seasoned with mint and oregano, lightly fried until golden."
Kolokithokeftedes,Greek,"Appetizer: Crispy zucchini fritters made with feta, dill, and mint. A garden-fresh Mediterranean snack."
Gigantes Plaki,Greek,Appetizer: Giant white beans baked in a rich tomato sauce with herbs and olive oil. Hearty and savory.
Tyropita,Greek,"Appetizer: Triangle-shaped phyllo pies filled with a blend of Greek cheeses. Rich, salty, and crunchy."
Taramosalata,Greek,"Appetizer: Creamy fish roe dip made with lemon, olive oil, and breadcrumbs. Salty, oceanic, and smooth."
Hummus with Warm Pita,Greek,Appetizer: Smooth chickpea and tahini spread with lemon and garlic. A Mediterranean staple served with pita.
Greek Salad,Greek,"Salad: Horiatiki. Fresh tomatoes, cucumbers, red onions, olives, and a large slab of feta with dried oregano."
Marinated Olives,Greek,"Appetizer: Assorted Kalamata and green olives cured in vinegar, citrus zest, and wild herbs."
Feta with Honey and Sesame,Greek,"Appetizer: Block of feta cheese wrapped in phyllo, fried, and drizzled with thyme honey and toasted sesame seeds."
Shrimp Saganaki,Greek,"Appetizer: Prawns sautéed with tomatoes, garlic, and herbs, topped with crumbled feta and baked."
Grilled Halloumi,Greek,"Appetizer: Firm Cypriot cheese grilled until charred. Unique squeaky texture with a salty, milky finish."
Loukaniko,Greek,Appetizer: Traditional pork sausage flavored with orange peel and fennel seeds. Aromatic and intensely savory.
Dakos,Greek,"Appetizer: Cretan barley rusk topped with grated tomatoes, crumbled feta, and extra virgin olive oil."
Fried Anchovies,Greek,Appetizer: Small whole fish (Marides) lightly floured and fried until crispy. Eaten whole as a salty snack.
Stuffed Florina Peppers,Greek,Appetizer: Sweet red peppers from Northern Greece stuffed with a spicy feta cheese mixture and roasted.
Avgolemono Soup,Greek,"Soup: Classic chicken soup thickened with a silky egg and lemon sauce. Bright, velvety, and comforting."
Grilled Sardines,Greek,"Appetizer: Fresh whole sardines grilled with sea salt, lemon, and olive oil. Rich in healthy fats and smoky flavor."
Manouri Cheese with Figs,Greek,"Appetizer: Creamy, mild sheep's milk cheese topped with sweet poached figs and honey. A sophisticated sweet-savory meze."
Tomato Keftedes,Greek,"Appetizer: Santorini-style tomato fritters with herbs and onions. Juicy, aromatic, and crispy on the edges."
Skordalia,Greek,Appetizer: Ultra-potent garlic and potato (or nut) dip finished with vinegar and olive oil. Intense and creamy.
Zucchini Chips with Skordalia,Greek,Appetizer: Paper-thin fried zucchini rounds served with a side of sharp garlic dip. Extremely crunchy and bold.
Beet Salad with Skordalia,Greek,Salad: Roasted earthy beets served cold with a thick garlic and almond puree. Vibrant and punchy.
Fava Dip,Greek,"Appetizer: Silky Santorini yellow split pea puree topped with capers, red onions, and extra virgin olive oil."
Phyllo Wrapped Shrimp,Greek,Appetizer: Large prawns encased in shredded phyllo dough (kataifi) and fried until golden. Elegant and very crunchy.
Roasted Cauliflower with Tahini,Greek,Appetizer: Caramelized cauliflower florets drizzled with a nutty sesame paste and lemon dressing. Earthy and tangy.
Grilled Quail,Greek,"Appetizer: Small game bird marinated in wild oregano and lemon, grilled over charcoal. Gamey and smoky."
Lentil Soup (Fakes),Greek,Soup: Traditional brown lentil soup finished with a heavy pour of red wine vinegar and olive oil. Hearty and acidic.
Spinach and Leek Pie,Greek,Appetizer: Prasopita. A variation of spanakopita using sweet leeks and fresh herbs in flaky phyllo.
Mussels with Ouzo,Greek,"Appetizer: Fresh mussels steamed in a fragrant broth of anise-flavored ouzo, garlic, and fennel."
Fried Eggplant,Greek,Appetizer: Thick slices of eggplant lightly battered and fried. Best served with tzatziki for a cooling contrast.
Greek Fries with Oregano and Feta,Greek,"Side: Hand-cut potatoes fried and tossed with sea salt, dried wild oregano, and crumbled feta cheese."
Lamb Riblets,Greek,"Appetizer: Small, fatty lamb ribs seasoned with lemon and salt, grilled until crispy. Indulgent and smoky."
Cretan Meat Pies,Greek,Appetizer: Kalitsounia. Small handmade pastries filled with spiced minced meat and local herbs.
Chickpea Stew,Greek,"Appetizer: Revithia. Slow-baked chickpeas with onions and bay leaves. Creamy, buttery, and comforting."
Grilled Scallops with Lemon,Greek,"Appetizer: Sea scallops seared with a simple lemon-butter herb sauce. Sweet, delicate, and bright."
Pastitsio Bites,Greek,"Appetizer: Mini versions of the classic pasta bake, featuring tubular pasta and béchamel in bite-sized portions."
Pickled Octopus,Greek,Appetizer: Tender octopus preserved in a sharp red wine vinegar brine with peppercorns and bay leaves.
Marinated Anchovies,Greek,Appetizer: Gavros Marinatos. Fresh anchovy fillets cured in vinegar and garlic. Intensely salty and acidic.
Grilled Mushrooms,Greek,"Appetizer: Seasonal mushrooms brushed with balsamic and thyme, grilled for a deep earthy umami."
Cucumber Salad,Greek,"Salad: Simple, refreshing sliced cucumbers tossed with dill, white vinegar, and olive oil."
Grapefruit and Fennel Salad,Greek,"Salad: Thinly sliced fennel bulb and grapefruit segments with a citrus vinaigrette. Bitter, sweet, and crunchy."
Assorted Meze Platter,Greek,"Appetizer: A sampler of olives, feta, dolmades, and various dips. The ultimate introduction to Greek flavors."
Moussaka,Greek,"Main Course: Iconic layered bake of eggplant, spiced minced meat, and potatoes topped with thick béchamel sauce. Rich and savory."
Lamb Chops (Paidakia),Greek,"Main Course: Rib lamb chops marinated in lemon, olive oil, and wild oregano, grilled over charcoal. Smoky and tender."
Pastitsio,Greek,"Main Course: Greek pasta bake with tubular noodles, a savory meat sauce with cinnamon, and a creamy béchamel topping."
Chicken Souvlaki Platter,Greek,"Main Course: Char-grilled skewered chicken with smoky flame-kissed edges, served with pita, tzatziki, and fries. A balanced, protein-rich Mediterranean staple."
Whole Grilled Branzino,Greek,Main Course: Loup de Mer. Fresh whole sea bass grilled with lemon-oil sauce (ladolemono) and herbs. Clean and coastal.
Gyro Platter,Greek,"Main Course: Thinly sliced rotisserie meat (lamb/beef/pork) served with tomato, onion, pita, and cooling tzatziki."
Roasted Lamb Shank (Kleftiko),Greek,"Main Course: Slow-cooked lamb shank, often wrapped in parchment with garlic and herbs until falling off the bone."
Shrimp Santorinio,Greek,"Main Course: Large shrimp baked in a tangy tomato sauce with ouzo, peppers, and melted feta cheese. Bold and zesty."
Pork Souvlaki,Greek,"Main Course: Cubes of tender pork marinated in Greek herbs, char-grilled with a smoky finish. Served as a platter with Mediterranean sides."
Bifteki,Greek,"Main Course: Large grilled meat patties seasoned with cumin and mint, often stuffed with feta cheese. Juicy and aromatic."
Grilled Swordfish,Greek,"Main Course: Meaty swordfish steaks seasoned with lemon and oregano. A firm, savory seafood favorite from the Aegean."
Gemista,Greek,"Main Course: Bell peppers and tomatoes stuffed with a mixture of rice, herbs, and aromatics, then baked until tender."
Youvetsi,Greek,Main Course: Traditional clay pot dish featuring braised lamb and orzo pasta in a light tomato cinnamon broth.
Grilled Red Snapper,Greek,"Main Course: Whole snapper grilled over open flame, finished with sea salt and a bright lemon-herb vinaigrette."
Lemon Potatoes with Chicken,Greek,Main Course: Classic roasted chicken served with wedges of potatoes that have absorbed lemon juice and chicken fats.
Sea Bass with Capers and Lemon,Greek,Main Course: Pan-seared sea bass fillets topped with a briny caper and lemon butter sauce. Tangy and sophisticated.
Lamb Kebabs,Greek,"Main Course: Minced lamb mixed with onions and parsley, char-grilled on skewers. Intense flavor with a smoky tandoori-style finish."
Rabbit Stifado,Greek,Main Course: Traditional stew featuring rabbit slow-cooked with many small pearl onions in a red wine and vinegar sauce.
Beef Stifado,Greek,"Main Course: Hearty beef stew with pearl onions, cinnamon, and cloves. A sweet-savory comfort dish with deep acidity."
Soutzoukakia,Greek,"Main Course: Oblong cumin-scented meatballs simmered in a thick, rich tomato sauce. Smells aromatic and tastes bold."
Spanakorizo,Greek,"Main Course: A nutritious one-pot dish of spinach and rice cooked with lemon, dill, and plenty of olive oil."
Cod with Garlic Sauce,Greek,Main Course: Bakaliaros. Fried salt cod served with a very sharp garlic-potato puree (skordalia). Salty and pungent.
Grilled Calamari,Greek,Main Course: Large whole squid marinated in lemon and herbs then charred on the grill. Smoky and springy.
Roasted Leg of Lamb,Greek,"Main Course: Celebration centerpiece. Leg of lamb rubbed with garlic and rosemary, slow-roasted until succulent."
Baked Fish in Parchment,Greek,"Main Course: Psari sto Harti. Fish fillets steamed in paper with vegetables, lemon, and white wine. Light and fragrant."
Shrimp Souvlaki,Greek,"Main Course: Skewered grilled shrimp marinated in lemon, garlic, and wild oregano. Light, smoky, and coastal."
Chicken Kapama,Greek,"Main Course: Chicken braised in a rich tomato sauce spiced with cinnamon, cloves, and allspice. Warming and aromatic."
Lamb Shank with Orzo,Greek,Main Course: Giouvetsi. Slow-roasted lamb shank served over small rice-shaped pasta in a savory tomato broth.
Eggplant Papoutsakia,Greek,"Main Course: 'Little Shoes.' Stuffed eggplant halves with meat sauce and béchamel, baked until golden and bubbly."
Grilled Salmon with Herbs,Greek,"Main Course: Fresh salmon fillet seasoned with dill, lemon, and olive oil, grilled over charcoal. Rich and healthy."
Braised Octopus in Red Wine,Greek,Main Course: Htapodi Krasato. Octopus slow-simmered in a dark red wine sauce with onions and bay leaves.
Whole Roasted Dorade,Greek,"Main Course: Tsipoura. Mediterranean sea bream roasted whole with sea salt, lemon, and a drizzle of olive oil."
Seafood Platter Aegean Style,Greek,"Main Course: A grand assortment of grilled fish, calamari, shrimp, and mussels. The quintessential island feast."
Pork Belly Greek Style,Greek,"Main Course: Slow-roasted pork belly with a crackling skin, seasoned with salt, pepper, and dried oregano."
Stuffed Squid,Greek,"Main Course: Whole squid tubes filled with a savory mixture of rice, herbs, and pine nuts, then braised or grilled."
Veggie Moussaka,Greek,"Main Course: A meatless version of the classic layered bake using lentils or mushrooms, eggplant, and béchamel."
Swordfish Brochettes,Greek,"Main Course: Cubes of swordfish skewered with bay leaves and lemon slices, grilled to a meaty perfection."
Chicken Thighs with Artichokes,Greek,"Main Course: Chicken and hearts of artichoke simmered in a bright, tangy egg-lemon (avgolemono) sauce."
Mussels with Feta and Tomato,Greek,"Main Course: Fresh mussels cooked in a spicy tomato and garlic sauce, finished with a generous crumble of feta."
Grilled Tuna Steak,Greek,"Main Course: Thick-cut tuna seasoned simply and seared over high heat. A firm, savory, and protein-packed meal."
Lemon Herb Meatballs,Greek,"Main Course: Light beef or chicken meatballs seasoned heavily with mint and lemon zest, served in a light sauce."
Braised Short Ribs Greek Style,Greek,"Main Course: Beef short ribs slow-cooked with red wine, cinnamon, and garlic until tender. Deeply savory and rich."
Lobster Pasta,Greek,Main Course: Astakomakaronada. Traditional Aegean luxury dish of fresh lobster and spaghetti in a light tomato-herb sauce.
Roast Chicken with Herbs and Lemon,Greek,"Main Course: Kotopoulo sto Fourno. Whole chicken roasted with potatoes, garlic, and wild mountain oregano."
Grilled Porgy,Greek,"Main Course: A sweet, flaky white fish (Fagri) grilled whole and served with a zesty lemon-caper vinaigrette."
Lamb Loin Chops,Greek,"Main Course: Thick-cut lamb loin seasoned with rosemary and lemon, seared to medium-rare for a juicy, fatty finish."
Veggie Platter (Lahanika),Greek,"Main Course: A selection of roasted Mediterranean vegetables, stuffed peppers, and baked beans. Healthy and vibrant."
Skewered Scallops,Greek,"Main Course: Tender sea scallops grilled on skewers with bell peppers and onions, basted in lemon butter."
Baked Branzino with Herbs,Greek,"Main Course: Fillets of sea bass baked in the oven with fresh dill, parsley, and sliced lemons. Clean and fragrant."
Mixed Grill Platter,Greek,"Main Course: A festive combination of pork and chicken souvlaki, lamb chops, and bifteki. The ultimate meat lover's meal."
Baklava,Greek,"Dessert: Layers of crisp phyllo pastry filled with chopped walnuts and cinnamon, soaked in a thick honey syrup. Iconic and crunchy."
Galaktoboureko,Greek,Dessert: Semolina custard baked in phyllo pastry and drenched in lemon-scented syrup. Creamy interior with a flaky crust.
Loukoumades,Greek,"Dessert: Small deep-fried golden dough puffs drizzled with honey, cinnamon, and walnuts. Often called Greek donuts."
Greek Yogurt with Honey & Walnuts,Greek,"Dessert: Thick, strained yogurt topped with artisanal thyme honey and crunchy walnuts. A healthy and refreshing classic."
Kataifi,Greek,Dessert: Shredded 'shredded wheat' style phyllo dough wrapped around a nut filling and soaked in aromatic syrup.
Rizogalo,Greek,"Dessert: Traditional creamy rice pudding dusted with plenty of cinnamon. A comforting, mild milk-based treat."
Karidopita,Greek,"Dessert: A moist walnut cake infused with cinnamon and cloves, then soaked in a light sugar syrup. Spicy and nutty."
Revani,Greek,"Dessert: A classic semolina sponge cake soaked in lemon syrup. It has a unique grainy texture and a bright, zesty finish."
Melomakarona,Greek,"Dessert: Egg-shaped honey cookies flavored with orange zest and cinnamon, topped with crushed walnuts. A Christmas staple."
Kourabiedes,Greek,"Dessert: Shortbread-style almond cookies heavily dusted with powdered sugar. Buttery, crumbly, and melt-in-the-mouth."
Bougatsa,Greek,Dessert: A phyllo pastry pie filled with sweet semolina custard and dusted with cinnamon and icing sugar. Served warm.
Ekmek Kataifi,Greek,"Dessert: Three-layered sweet: kataifi base, a thick custard middle, and topped with fresh whipped cream and pistachios."
Portokalopita,Greek,"Dessert: An orange phyllo cake made with dried pastry shreds, yogurt, and fresh orange juice. Intensely citrusy and moist."
Halva,Greek,"Dessert: Semolina-based pudding cooked with olive oil, nuts, and raisins, flavored with cinnamon. Vegan-friendly and dense."
Spoon Sweets,Greek,"Dessert: Glyka tou Koutaliou. Preserved fruits (like cherry or quince) in a thick syrup, traditionally served as a gesture of hospitality."
Samali,Greek,"Dessert: A dense, chewy semolina cake flavored with mastic resin and decorated with whole almonds."
Mastic Ice Cream,Greek,"Dessert: Kaimaki. A unique, chewy ice cream flavored with the resin of the mastic tree. Aromatic and floral."
Lemon Yogurt Cake,Greek,"Dessert: A light, airy sponge cake made with Greek yogurt and fresh lemon juice. Tangy, moist, and refreshing."
Diples,Greek,"Dessert: Thin sheets of dough folded into spirals, deep-fried until crisp, and drizzled with honey and walnuts."
Almond Cookies,Greek,Dessert: Amygdalota. Naturally gluten-free chewy almond macaroons flavored with rosewater or citrus.
Pistachio Baklava,Greek,"Dessert: A premium variation of baklava using roasted pistachios for a rich, buttery, and nutty profile."
Fig and Honey Cake,Greek,"Dessert: A rustic cake featuring dried Mediterranean figs and local honey. Dense, earthy, and sweet."
Honey Cheesecake,Greek,Dessert: Melopita. A traditional island cheesecake made with mizithra cheese and honey. Crustless and creamy.
Chocolate Baklava,Greek,"Dessert: A modern twist on the classic, featuring dark chocolate layers between the honey-soaked phyllo and walnuts."
Tahini Brownies,Greek,"Dessert: Rich, fudgy brownies made with sesame paste (tahini) for a nutty, slightly bitter, and sophisticated depth."
Loukoumi,Greek,Dessert: Traditional jelly-like delight dusted with powdered sugar and flavored with rosewater or mastic. Chewy and floral.
Walnut and Honey Tart,Greek,"Dessert: A rich, buttery tart shell filled with a dense mixture of local walnuts and aromatic honey."
Pasteli,Greek,"Dessert: An ancient energy bar made of toasted sesame seeds and honey. Crunchy, nutty, and naturally sweet."
Apple Phyllo Tart,Greek,"Dessert: Spiced apples wrapped in crispy, buttery phyllo sheets. A Mediterranean take on apple pie with cinnamon."
Quince Preserves,Greek,"Dessert: Glyko Kydoni. Quince fruit slow-cooked in sugar syrup until deep red. Served as a thick, chewy spoon sweet."
Semolina Pudding,Greek,"Dessert: Halvas. A stovetop pudding made with semolina, olive oil, and raisins, scented with cloves and cinnamon."
Yogurt Sorbet,Greek,"Dessert: A light, tart frozen treat made from strained Greek yogurt and honey. Refreshing and palate-cleansing."
Dried Figs with Walnuts,Greek,"Dessert: Sun-dried Mediterranean figs stuffed with toasted walnut halves. A simple, rustic, and healthy treat."
Cinnamon Rice Cake,Greek,"Dessert: A dense, baked rice pudding cake with a caramelized cinnamon crust. Comforting and aromatic."
Phyllo Roses with Syrup,Greek,"Dessert: Decorative roses made of thin phyllo dough, deep-fried until crisp and dipped in citrus-honey syrup."
Grape Must Pudding,Greek,Dessert: Moustalevria. A traditional pudding made from grape must thickened with flour and topped with sesame.
Sour Cherry Tart,Greek,Dessert: A vibrant tart featuring preserved sour cherries (vyssino) on a crumbly shortcrust base. Tangy and sweet.
Chocolate Mousse with Olive Oil,Greek,"Dessert: Modern fusion mousse using high-quality dark chocolate and extra virgin olive oil for a silky, savory finish."
Greek Coffee Cake,Greek,"Dessert: A moist sponge cake infused with the bold, earthy flavors of unfiltered Greek coffee and cardamom."
Honey Cookies,Greek,"Dessert: Soft, spiced cookies made with olive oil and orange juice, finished with a heavy drizzle of thyme honey."
Spiced Poached Figs,Greek,Dessert: Whole figs simmered in red wine and honey with cinnamon sticks and star anise. Sophisticated and fruity.
Pistachio Semolina Cake,Greek,"Dessert: A grainy, syrup-soaked sponge cake featuring roasted Aegina pistachios and lemon zest."
Greek Fruit Platter with Yogurt,Greek,Dessert: Seasonal Mediterranean fruits served with a side of thick honeyed yogurt and fresh mint.
Chocolate Salami Greek Style,Greek,"Dessert: Mosaiko. A no-bake chocolate log with crushed biscuits and nuts, served in chilled slices."
Sesame Brittle,Greek,"Dessert: Thinner and crispier than pasteli, this brittle features caramelized sugar and toasted sesame seeds."
Mastic Panna Cotta,Greek,"Dessert: A silky cream pudding flavored with the unique, pine-like resin of the Chios mastic tree."
Orange Semolina Cake,Greek,"Dessert: Portokalopita variation. A dense, citrusy cake made with semolina flour and fresh orange reduction."
Greek Custard Pie,Greek,"Dessert: A simpler version of Galaktoboureko, featuring a thick egg-custard base and a light pastry topping."
Walnut Cake with Syrup,Greek,Dessert: Karidopita. A heavily spiced walnut sponge cake that has been completely saturated with sweet clove syrup.
Assorted Greek Dessert Platter,Greek,"Dessert: A sampler of baklava, kataifi, and almond cookies. The perfect way to explore Greek sugar craft."
Calamari Fritti,Italian,Appetizer: Lightly floured and deep-fried squid rings served with spicy marinara or lemon. Classic crispy seafood meze.
Bruschetta al Pomodoro,Italian,"Appetizer: Toasted rustic bread rubbed with garlic and topped with diced tomatoes, fresh basil, and extra virgin olive oil."
Arancini,Italian,"Appetizer: Sicilian fried risotto balls stuffed with ragu, peas, and mozzarella. Golden, crunchy, and savory."
Burrata with Prosciutto,Italian,Appetizer: Creamy-centered burrata cheese paired with thin slices of salt-cured Parma ham. Decadent and silky.
Caprese Salad,Italian,"Appetizer: Fresh buffalo mozzarella, vine-ripened tomatoes, and basil leaves drizzled with balsamic glaze. Bright and herbal."
Beef Carpaccio,Italian,"Appetizer: Paper-thin slices of raw beef eye round topped with arugula, shaved parmesan, and lemon-olive oil dressing."
Mussels Fra Diavolo,Italian,"Appetizer: Fresh mussels steamed in a spicy, fiery tomato broth with garlic and crushed red pepper flakes."
Clams Oreganata,Italian,"Appetizer: Baked clams on the half-shell topped with seasoned breadcrumbs, garlic, and dried oregano. Salty and toasted."
Polpette,Italian,"Appetizer: Traditional braised meatballs made of beef and pork, simmered in a slow-cooked pomodoro sauce."
Focaccia with Rosemary,Italian,"Appetizer: Flat oven-baked bread dimpled by hand and seasoned with sea salt, fresh rosemary, and plenty of olive oil."
Fried Zucchini Flowers,Italian,"Appetizer: Delicate squash blossoms stuffed with ricotta or mozzarella, battered and fried until airy and crisp."
Grilled Octopus,Italian,"Appetizer: Charred octopus tentacles seasoned with lemon and parsley. Smoky, tender, and high in umami."
Tuna Tartare,Italian,"Appetizer: Fresh raw ahi tuna diced with capers, shallots, and citrus. A light, refined, and oceanic starter."
Eggplant Rollatini,Italian,"Appetizer: Thinly sliced eggplant fried and rolled with a ricotta herb filling, then baked in tomato sauce and mozzarella."
Prosciutto e Melone,Italian,Appetizer: The classic sweet-and-salty pairing of cured ham wrapped around ripe cantaloupe wedges.
Garlic Knots,Italian,"Appetizer: Pizza dough tied in knots, baked, and tossed in a heavy glaze of melted butter, minced garlic, and parsley."
Fried Smelts,Italian,Appetizer: Small whole fish lightly breaded and fried. A traditional coastal snack eaten whole for a salty crunch.
Grilled Artichokes,Italian,Appetizer: Seasonal artichoke hearts charred over an open flame and served with a lemon-garlic aioli.
Crostini di Fegato,Italian,"Appetizer: Tuscan-style toasted bread topped with a rich, savory chicken liver pate. Deeply earthy and umami."
Stuffed Cherry Peppers,Italian,"Appetizer: Spicy pickled cherry peppers filled with prosciutto and provolone cheese. Tangy, sharp, and fiery."
Shrimp Scampi Appetizer,Italian,"Appetizer: Large shrimp sautéed in a rich sauce of butter, garlic, white wine, and fresh lemon juice."
Mozzarella in Carrozza,Italian,"Appetizer: A 'cheese in a carriage.' Deep-fried mozzarella sandwich with a golden, crispy breadcrumb crust."
Roasted Peppers with Anchovies,Italian,"Appetizer: Sweet roasted bell peppers layered with salty anchovy fillets and garlic. A bold, traditional antipasto."
Panzanella Salad,Italian,"Appetizer: Tuscan bread salad with soaked stale bread, tomatoes, onions, and cucumbers in a vinegar-heavy dressing."
Vitello Tonnato,Italian,"Appetizer: Chilled, thinly sliced veal covered in a creamy, velvety sauce flavored with tuna, capers, and anchovies."
Minestrone Soup,Italian,"Soup: Hearty vegetable soup with beans, pasta, and seasonal greens in a light tomato broth. Healthy and rustic."
Pasta e Fagioli,Italian,"Soup: Traditional 'pasta and beans' stew. Thick, comforting, and rich in plant-based protein with rosemary notes."
Scamorza Affumicata,Italian,"Appetizer: Pan-seared smoked cow's milk cheese. Golden-crusted, gooey, and intensely smoky."
Baccala Mantecato,Italian,"Appetizer: Venetian whipped salt cod mousse served on grilled polenta or crostini. Creamy, salty, and oceanic."
Suppli al Telefono,Italian,Appetizer: Roman rice croquettes filled with mozzarella that 'strings' like a telephone wire when pulled. Crunchy and cheesy.
Spiedini alla Romana,Italian,"Appetizer: Skewered bread and mozzarella sandwiches, drenched in a savory anchovy and butter sauce."
Escarole and Beans,Italian,"Appetizer: Sautéed bitter escarole greens with cannellini beans, garlic, and red pepper flakes. Simple and earthy."
Marinated Olives,Italian,"Appetizer: Medley of Castelvetrano and Gaeta olives marinated in citrus zest, chili, and extra virgin olive oil."
White Bean Dip with Crostini,Italian,"Appetizer: Pureed cannellini beans with garlic, sage, and lemon, served with toasted sourdough. Silky and savory."
Grilled Scallops with Lemon,Italian,"Appetizer: Fresh sea scallops seared with a bright gremolata of lemon, parsley, and toasted garlic."
Truffle Arancini,Italian,Appetizer: Fried risotto balls infused with black truffle oil and stuffed with taleggio cheese. Earthy and decadent.
Culatello with Figs,Italian,"Appetizer: Rare, premium salt-cured ham paired with ripe seasonal figs. The pinnacle of sweet-savory Italian meze."
Bresaola with Arugula,Italian,"Appetizer: Air-dried salted beef sliced paper-thin, topped with peppery arugula, lemon, and shaved Parmigiano."
Fontina Fonduta,Italian,"Appetizer: Val d'Aosta style cheese fondue made with Fontina, milk, and egg yolks. Served with bread for dipping."
Fried Olives All'Ascolana,Italian,"Appetizer: Large green olives stuffed with spiced minced meat, breaded, and deep-fried. A crunchy, savory surprise."
Caponata Siciliana,Italian,"Appetizer: Sicilian sweet and sour eggplant relish with celery, capers, and olives in a tangy tomato base."
Panelle,Italian,"Appetizer: Sicilian chickpea flour fritters. Thin, crispy, and savory street food traditionally served with lemon."
Steamed Cockles,Italian,"Appetizer: Tiny, sweet clams steamed in a broth of white wine, garlic, and spicy peperoncino."
Lobster Ravioli Appetizer,Italian,"Appetizer: Hand-made pasta parcels filled with sweet lobster meat, served in a light saffron or tomato cream sauce."
Shishito Peppers with Parmesan,Italian,Appetizer: Blistered mild peppers finished with sea salt and a heavy dusting of aged Parmesan cheese.
Polenta Fries,Italian,Appetizer: Sticks of firm cornmeal polenta fried until golden and served with a spicy arrabbiata dipping sauce.
Sardines in Saor,Italian,"Appetizer: Venetian sweet and sour sardines preserved with onions, pine nuts, raisins, and plenty of vinegar."
Stracciatella Soup,Italian,"Soup: Roman 'torn rag' soup made of meat broth with drizzled egg, parmesan, and nutmeg. Light and velvety."
Roasted Garlic with Ricotta,Italian,Appetizer: Whole roasted garlic cloves spread onto fresh sheep's milk ricotta and toasted ciabatta. Sweet and pungent.
Antipasto Misto Platter,Italian,"Appetizer: A curated selection of cured meats, cheeses, marinated vegetables, and olives. The ultimate starter."
Lasagna Bolognese,Italian,"Main Course: Traditional layered pasta with slow-cooked beef and pork ragu, creamy béchamel, and parmesan cheese."
Spaghetti Carbonara,Italian,"Main Course: Roman pasta dish with eggs, pecorino romano, guanciale, and black pepper. Creamy and peppery."
Chicken Parmigiana,Italian,Main Course: Breaded chicken breast fried and topped with marinara sauce and melted mozzarella. Comforting and crispy.
Fettuccine Alfredo,Italian,"Main Course: Flat thick noodles tossed in a rich, velvety sauce of butter and aged parmesan cheese."
Veal Marsala,Italian,Main Course: Thin veal cutlets sautéed with mushrooms in a sweet and savory Marsala wine reduction.
Osso Buco,Italian,"Main Course: Milanese specialty of cross-cut veal shanks braised with vegetables, white wine, and broth."
Eggplant Parmigiana,Italian,"Main Course: Layered eggplant slices fried and baked with tomato sauce, basil, and mozzarella. Vegetarian comfort."
Penne alla Vodka,Italian,Main Course: Pasta in a smooth tomato-cream sauce with a splash of vodka and red pepper flakes.
Rigatoni Amatriciana,Italian,"Main Course: Hearty ridged pasta with a sauce of guanciale (cured pork jowl), pecorino, and tomato."
Linguine alle Vongole,Italian,"Main Course: Long pasta with fresh clams, garlic, white wine, and parsley. A light, oceanic classic."
Chicken Piccata,Italian,"Main Course: Sautéed chicken breast in a bright, tangy sauce of lemon, butter, and briny capers."
Saltimbocca alla Romana,Italian,"Main Course: 'Jumps in the mouth.' Veal lined with prosciutto and sage, sautéed in white wine."
Risotto alla Milanese,Italian,Main Course: Creamy arborio rice infused with saffron and finished with butter and parmesan. Vibrant yellow.
Pappardelle with Wild Boar Ragu,Italian,"Main Course: Wide ribbon pasta served with a rustic, slow-simmered wild game meat sauce."
Gnocchi Sorrento,Italian,Main Course: Soft potato dumplings baked in a bright tomato sauce with fresh mozzarella and fragrant basil.
Lobster Fra Diavolo,Italian,"Main Course: Succulent lobster meat and pasta in a spicy, fiery tomato sauce with garlic and herbs."
Veal Milanese,Italian,"Main Course: Thinly pounded veal chop, breaded and pan-fried until golden. Served with lemon or arugula salad."
Branzino al Forno,Italian,"Main Course: Whole Mediterranean sea bass roasted with herbs, lemon, and olive oil. Clean and delicate."
Cacio e Pepe,Italian,Main Course: Minimalist Roman pasta with high-quality pecorino romano cheese and toasted black pepper.
Bucatini all'Amatriciana,Italian,"Main Course: Thick hollow spaghetti in a savory, spicy sauce of guanciale, tomato, and pecorino."
Chicken Marsala,Italian,Main Course: Golden pan-fried chicken thighs or breast in a rich mushroom and fortified wine sauce.
Seafood Cioppino,Italian,"Main Course: San Francisco-Italian tomato-based seafood stew with fish, clams, mussels, and shrimp."
Pork Osso Buco,Italian,Main Course: A rustic variation using pork shanks slow-braised until the meat falls off the bone.
Tortellini in Brodo,Italian,"Main Course: Hand-folded meat-filled pasta served in a clear, intensely flavored capon or chicken broth."
Tagliatelle al Tartufo,Italian,"Main Course: Ribbon pasta tossed in a luxurious, earthy sauce of butter and shaved black or white truffles."
Bistecca alla Fiorentina,Italian,"Main Course: Massive T-bone steak from Chianina cattle, grilled over wood coals. Seasoned simply with salt and olive oil."
Shrimp Fra Diavolo,Italian,"Main Course: Plump shrimp in a spicy, 'devilish' tomato sauce with heavy garlic and red chili flakes."
Veal Saltimbocca,Italian,"Main Course: Thin veal cutlets wrapped with prosciutto and sage, sautéed in white wine and butter. Salty and herbal."
Manicotti,Italian,"Main Course: Large pasta tubes stuffed with a mixture of ricotta, mozzarella, and herbs, baked in marinara sauce."
Baked Ziti,Italian,"Main Course: Tubular pasta mixed with tomato sauce and ricotta, topped with a thick layer of melted mozzarella cheese."
Lobster Risotto,Italian,Main Course: Luxurious creamy arborio rice cooked in a rich lobster stock with tender chunks of lobster meat.
Ravioli di Zucca,Italian,"Main Course: Pumpkin or butternut squash filled pasta with a brown butter and sage sauce. Sweet, nutty, and savory."
Spaghetti alle Vongole,Italian,"Main Course: The ultimate seaside pasta. Spaghetti tossed with fresh littleneck clams, garlic, oil, and white wine."
Cavatelli with Sausage & Broccoli Rabe,Italian,"Main Course: Hand-rolled pasta with crumbled spicy Italian sausage and bitter, garlicky broccoli rabe."
Salmon with Pesto,Italian,"Main Course: Pan-seared salmon fillet topped with a vibrant, aromatic basil-pine nut pesto. Rich and herb-forward."
Veal Chop Valdostana,Italian,"Main Course: Thick veal chop stuffed with fontina cheese and prosciutto, breaded and pan-fried. Decadent and cheesy."
Pork Milanese,Italian,"Main Course: Thinly pounded pork cutlet, breaded and fried until golden. Often served with a crisp arugula salad."
Orecchiette with Sausage & Broccoli Rabe,Italian,Main Course: 'Little ear' pasta served with traditional Apulian flavors of spicy pork sausage and bitter greens.
Chicken Francese,Italian,"Main Course: Egg-battered chicken breasts sautéed in a silky, bright lemon and white wine butter sauce."
Short Rib Pappardelle,Italian,Main Course: Wide pasta ribbons served with beef short ribs that have been slow-braised until tender and shreddable.
Linguine Pescatore,Italian,"Main Course: 'Fisherman's pasta' loaded with a medley of mussels, clams, shrimp, and calamari in a light tomato broth."
Mushroom Risotto,Italian,"Main Course: Creamy, slow-stirred rice with wild porcini mushrooms, finished with parmesan and truffle oil."
Veal Piccata,Italian,"Main Course: Tender veal medallions in a piquant sauce of lemon, butter, and salty capers."
Rack of Lamb with Rosemary,Italian,"Main Course: Roasted lamb chops crusted with fresh rosemary, garlic, and olive oil. Smoky and intensely aromatic."
Spaghetti Pomodoro,Italian,"Main Course: The foundation of Italian cuisine. Spaghetti with a simple sauce of San Marzano tomatoes, garlic, and basil."
Braised Rabbit,Italian,"Main Course: Coniglio alla Cacciatora. Rabbit slow-cooked with tomatoes, onions, olives, and rosemary. Rustic and gamey."
Egg Yolk Raviolo,Italian,"Main Course: A single large ravioli containing a whole runny egg yolk and ricotta, finished with brown butter and sage."
Mafalde with Sunday Sauce,Italian,"Main Course: Ruffled-edge pasta served with a rich, multi-meat tomato sauce that has simmered for hours."
Branzino al Cartoccio,Italian,"Main Course: Mediterranean sea bass baked in a parchment paper pouch with citrus, herbs, and white wine."
Veal Chop Parmigiana,Italian,"Main Course: A premium, bone-in veal chop prepared in the classic parmigiana style with marinara and mozzarella."
Tiramisu,Italian,"Dessert: Layered 'pick-me-up' with espresso-soaked ladyfingers, creamy mascarpone, and cocoa powder. Bold and velvety."
Cannoli,Italian,"Dessert: Crispy pastry shells filled with a sweet, creamy ricotta mixture, often studded with chocolate or pistachios."
Panna Cotta,Italian,"Dessert: 'Cooked cream' set with gelatin. A silky, delicate, and wobbling cream pudding often served with berry coulis."
Affogato al Caffe,Italian,"Dessert: A scoop of vanilla gelato 'drowned' in a shot of hot, intense espresso. The ultimate hot-cold contrast."
Gelato,Italian,"Dessert: Traditional Italian ice cream, denser and more intensely flavored than American styles, served at a warmer temp."
Zeppole,Italian,"Dessert: Light, deep-fried dough balls dusted with powdered sugar. An Italian street food favorite often served at feasts."
Ricotta Cheesecake,Italian,"Dessert: Torta di Ricotta. A lighter, grainier cheesecake made with fresh sheep or cow's milk ricotta and citrus zest."
Warm Chocolate Budino,Italian,"Dessert: A rich, molten chocolate pudding or cake with a decadent gooey center and a touch of sea salt."
Lemon Sorbetto,Italian,"Dessert: A frozen, dairy-free treat made with intense Sicilian lemon juice and sugar. Palate-cleansing and sharp."
Chocolate Budino,Italian,"Dessert: A silky, chilled chocolate custard topped with whipped cream or olive oil and sea salt. Deeply umami."
Biscotti,Italian,Dessert: Cantucci. Twice-baked almond cookies designed for dipping into coffee or sweet Vin Santo wine. Hard and crunchy.
Semifreddo,Italian,Dessert: 'Half-frozen' mousse-like treat that has the texture of frozen velvet. Richer and airier than standard ice cream.
Flourless Chocolate Cake,Italian,"Dessert: Torta Caprese. A dense, dark chocolate and almond cake with a moist center and a crackly top."
Amaretti Cookies,Italian,"Dessert: Small, dome-shaped macaroons made from bitter almonds or apricot kernels. Crunchy, sweet, and nutty."
Panettone Bread Pudding,Italian,Dessert: A comforting bake made from pieces of buttery Panettone fruit bread soaked in a rich egg custard.
Torrone,Italian,"Dessert: Traditional nougat made of honey, sugar, and egg whites, packed with toasted almonds or hazelnuts."
Zabaglione with Berries,Italian,"Dessert: An airy, frothy custard made of egg yolks, sugar, and sweet Marsala wine, served over fresh seasonal fruit."
Sfogliatella,Italian,Dessert: 'Small leaves.' A lobster-tail shaped pastry with dozens of paper-thin layers filled with sweet semolina ricotta.
Crostata di Frutta,Italian,Dessert: A classic jam or fresh fruit tart with a shortcrust pastry base and a lattice top. Rustic and bright.
Espresso Martini Mousse,Italian,"Dessert: Modern fusion mousse capturing the flavors of coffee, vodka, and dark chocolate in a light, airy form."
Struffoli,Italian,Dessert: Neapolitan Christmas treat of deep-fried dough marbles coated in honey and decorated with colorful sprinkles.
Cassata Siciliana,Italian,Dessert: A festive Sicilian sponge cake moistened with fruit juices or liqueur and layered with sweetened ricotta.
Bomboloni,Italian,"Dessert: Italian-style hole-less donuts filled with pastry cream, chocolate, or jam and rolled in granulated sugar."
Budino di Riso,Italian,"Dessert: Tuscan rice pudding tart with a hint of citrus and nutmeg. A comforting, dense, and textured sweet."
Ricotta Pie,Italian,"Dessert: A traditional Easter pie with a sweet pasta frolla crust and a creamy, lemon-scented ricotta filling."
Olive Oil Cake,Italian,"Dessert: Moist, citrus-scented cake made with extra virgin olive oil. Sophisticated, savory-sweet, and tender."
Limoncello Cake,Italian,"Dessert: Sponge cake infused with the bright, zesty flavors of Italian lemon liqueur and simple syrup."
Mascarpone Cream with Berries,Italian,"Dessert: Fresh, velvety whipped mascarpone cheese served alongside seasonal macerated berries. Simple luxury."
Nutella Crepes,Italian,"Dessert: Thin, delicate Italian-style crepes filled with hazelnut cocoa spread. A popular modern café sweet."
Pistachio Semifreddo,Italian,"Dessert: A frozen, airy mousse featuring toasted Sicilian pistachios. Creamy, nutty, and elegantly chilled."
Cantucci,Italian,Dessert: Hard almond biscuits from Tuscany. Designed for dipping into Vin Santo wine to soften their crunch.
Spumoni,Italian,"Dessert: Molded gelato layers of cherry, pistachio, and chocolate with candied fruit and nuts. Retro and festive."
Chocolate Tartufo,Italian,"Dessert: An ice cream 'truffle' with a molten chocolate center, coated in cocoa powder and nuts."
Zuppa Inglese,Italian,Dessert: 'English Soup.' An Italian trifle with layers of sponge cake soaked in Alchermes liqueur and custard.
Poached Pears in Red Wine,Italian,"Dessert: Whole pears simmered in spiced Chianti or Marsala wine. Elegant, fruity, and visually striking."
Fig and Walnut Tart,Italian,Dessert: Crostata di Fichi. A rustic tart shell filled with Mediterranean fig jam and toasted walnuts.
Almond Cake,Italian,"Dessert: Torta di Mandorle. A dense, naturally gluten-free cake made with ground almonds and citrus zest."
Pizzelle,Italian,Dessert: Traditional waffle cookies made with a patterned iron. Flavored with anise or vanilla and very crisp.
Crema di Mascarpone,Italian,"Dessert: A rich, aerated custard of mascarpone and egg yolks. The foundational component of Tiramisu."
Baci di Dama,Italian,Dessert: 'Lady's Kisses.' Small hazelnut butter cookies sandwiched together with a drop of dark chocolate.
Mimosa Cake,Italian,"Dessert: A light, airy sponge cake layered with diplomatic cream and topped with yellow cake cubes. Celebratory."
Honey Balsamic Strawberries,Italian,Dessert: Fresh strawberries drizzled with aged balsamic vinegar and honey. A classic tangy-sweet pairing.
Chocolate Salame,Italian,"Dessert: Salami di Cioccolato. A no-bake log of chocolate, cocoa, and broken biscuits. Chilled and sliced."
Ciambellone,Italian,"Dessert: A traditional Italian ring-shaped breakfast cake. Simple, light, and perfect for dipping into coffee."
Frittelle,Italian,Dessert: Venetian carnival fritters. Sweet dough balls fried and filled with cream or raisins and pine nuts.
Peach and Amaretti Crumble,Italian,Dessert: Roasted peaches topped with crushed bitter almond cookies. A perfect textural balance of soft and crunchy.
Hazelnut Tart,Italian,Dessert: Torta alla Nocciola. A rich pastry featuring the famous hazelnuts of the Piedmont region and dark chocolate.
Torta della Nonna,Italian,Dessert: 'Grandmother's Cake.' A shortcrust pastry tart filled with lemon pastry cream and topped with pine nuts.
Crema Carsolina,Italian,"Dessert: A specialty custard from Trieste, featuring puff pastry layers and a thick, velvety vanilla cream."
Chocolate Budino Dark,Italian,"Dessert: An intense, bittersweet chocolate pudding finished with high-quality olive oil and flaky sea salt."
Queso Panela Grilled,Mexican,"Appetizer: Firm, mild squeaky cheese seared on a griddle and served with warm salsa verde. Salty and milky."
Chorizo Mussels,Mexican,"Appetizer: Fresh mussels steamed in a vibrant broth of spicy chorizo, tomato, and cilantro. Savory and bold."
Crispy Potato Tacos,Mexican,Appetizer: Tacos Dorados de Papa. Hard-shell corn tacos filled with mashed potatoes and topped with crema. Very crunchy.
Scallop Aguachile,Mexican,Appetizer: Raw bay scallops marinated in a bright lime and green chili water with cucumber and red onion. Zesty.
Pickled Vegetables (Escabeche),Mexican,"Appetizer: Escabeche. Carrots, onions, and jalapeños preserved in vinegar with oregano and garlic. Tangy and crunchy side."
Fried Calamari Mexican Style,Mexican,Appetizer: Crispy squid rings tossed with Tajin seasoning and served with a chipotle lime dipping sauce.
Mole Fries,Mexican,"Appetizer: Crispy potato fries smothered in a rich, complex chocolate-chili mole sauce and sprinkled with cotija cheese."
Chicharrones with Salsa,Mexican,"Appetizer: Crispy deep-fried pork rinds served with a sharp, spicy salsa de molcajete. Aerated, salty, and fatty."
Black Bean Soup,Mexican,"Soup: Sopa de Frijol. Smooth, earthy puree of black beans topped with crispy tortilla strips and crema. Comforting."
Crab Salpicon,Mexican,"Appetizer: A refreshing shredded crab salad with lime, chili, and mint, served on individual crispy tortilla scoops."
Fried Avocado,Mexican,"Appetizer: Creamy avocado wedges breaded and fried until golden. A warm, fatty, and crunchy vegetarian treat."
Shishito Peppers with Lime,Mexican,"Appetizer: Blistered mild peppers finished with fresh lime juice, sea salt, and a dash of chili powder."
Mini Chimichangas,Mexican,"Appetizer: Bite-sized deep-fried burritos filled with shredded chicken or beef. Golden, crispy, and savory."
Salsa Flight with Chips,Mexican,"Appetizer: A selection of house-made salsas ranging from mild verde to fiery habanero, served with warm corn chips."
Beef Negimaki Mexican Style,Mexican,Appetizer: Fusion-style grilled beef rolls stuffed with scallions and drizzled with a sweet chipotle glaze.
Grilled Queso Blanco,Mexican,Appetizer: Thick slices of white cheese grilled until soft and charred. Similar to Halloumi but with a milder Mexican profile.
Picadillo Empanadas,Mexican,"Appetizer: Flaky pastries filled with a traditional mixture of ground beef, raisins, olives, and spices."
Fried Plantains,Mexican,"Appetizer/Side: Platanos Fritos. Sweet, ripened plantains fried until caramelized and soft. Sweet and starchy."
Bean and Cheese Dip,Mexican,"Appetizer: A warm, smooth blend of refried pinto beans and melted Chihuahua cheese. The ultimate party dip."
Salmon Crudo with Habanero,Mexican,Appetizer: Thin slices of fresh salmon drizzled with lime and topped with paper-thin habanero slivers. Clean and fiery.
Shrimp Flautas,Mexican,Appetizer: Large shrimp rolled in corn tortillas and deep-fried. Served with avocado salsa and radishes.
Duck Confit Tostada,Mexican,Appetizer: Shredded slow-cooked duck leg on a crispy tortilla with orange-infused salsa and pickled onions.
Mushroom Quesadilla,Mexican,Appetizer: Sautéed wild mushrooms and epazote folded into a corn tortilla with melted Oaxaca cheese. Earthy.
Mole Poblano Wings,Mexican,"Appetizer: Crispy chicken wings tossed in a traditional, dark, and nutty mole sauce with toasted sesame seeds."
Assorted Antojitos Platter,Mexican,"Appetizer: A sampler of street food favorites including mini flautas, sopes, empanadas, and tamales."
Carne Asada,Mexican,Main Course: Citrus-marinated skirt steak grilled over high heat for a smoky char. Served with tortillas and salsa.
Chicken Mole Poblano,Mexican,"Main Course: Tender chicken in a legendary sauce of 20+ ingredients including chilies, nuts, and cocoa. Earthy and complex."
Enchiladas Suizas,Mexican,Main Course: Tortillas rolled with chicken and smothered in a creamy tomatillo sauce and melted Swiss cheese. Tangy.
Carnitas Platter,Mexican,"Main Course: Michoacán-style pork slow-cooked in lard until tender, then fried until crispy. Rich, fatty, and savory."
Steak Fajitas,Mexican,Main Course: Sizzling strips of marinated beef with sautéed bell peppers and onions. A Tex-Mex favorite with bold aromatics.
Chicken Fajitas,Mexican,Main Course: Sizzling marinated chicken strips with peppers and onions. Served with warm flour tortillas and crema.
Shrimp Fajitas,Mexican,"Fajitas: Plump shrimp sautéed with bell peppers and citrus. A lighter, oceanic version of the classic sizzling platter."
Tacos al Pastor Platter,Mexican,"Main Course: Thinly sliced spit-roasted pork marinated in dried chilies and achiote, served with grilled pineapple."
Chile Relleno,Mexican,"Main Course: Large roasted poblano pepper stuffed with cheese, battered in egg, and fried. Topped with tomato broth."
Fish Tacos Ensenada Style,Mexican,"Main Course: Beer-battered white fish in corn tortillas topped with cabbage, pico de gallo, and white sauce. Crunchy."
Birria Tacos with Consomé,Mexican,"Main Course: Slow-stewed goat or beef tacos served with a rich, fatty dipping broth. Savory, spicy, and deeply umami."
Cochinita Pibil,Mexican,"Main Course: Yucatán-style pork marinated in achiote and citrus, wrapped in banana leaves and slow-roasted. Tangy and floral."
Barbacoa,Mexican,Main Course: Traditional slow-cooked beef or lamb seasoned with dried chilies and spices until it shreds easily. Smoky.
Camarones a la Diabla,Mexican,Main Course: 'Devil Shrimp' sautéed in an intensely spicy red chili sauce. Bold heat balanced with a hint of sweetness.
Red Snapper Veracruz,Mexican,"Main Course: Huachinango a la Veracruzana. Fish baked in a Mediterranean-influenced sauce of tomatoes, olives, and capers."
Pozole Rojo,Mexican,"Main Course: Hearty pork and hominy soup in a red chili broth, topped with radishes, lime, and oregano. Festive and rustic."
Chile en Nogada,Mexican,"Main Course: Poblano pepper filled with picadillo, topped with a walnut cream sauce and pomegranate seeds. Patriotic and sweet-savory."
Pollo Asado,Mexican,"Main Course: Half chicken marinated in citrus and achiote, grilled until the skin is crispy and charred. Bright and aromatic."
Tampiqueña Steak,Mexican,"Main Course: Grilled steak served alongside a cheese enchilada, beans, and guacamole. A complete Mexican feast."
Enchiladas Rojas,Mexican,"Main Course: Tortillas dipped in a red guajillo chili sauce, filled with cheese or meat, and baked. Earthy and spicy."
Enchiladas de Mole,Mexican,"Main Course: Enmoladas. Tortillas filled with chicken and topped with rich, dark chocolate-chili mole sauce and sesame."
Pork Belly in Salsa Verde,Mexican,"Main Course: Succulent pork belly simmered in a sharp, tangy tomatillo and green chili sauce. Fatty and acidic."
Short Rib en Mole,Mexican,"Main Course: Beef short ribs braised until meltingly tender in a complex, nutty, and dark Oaxacan mole sauce."
Bistec a la Mexicana,Mexican,"Main Course: Sliced steak sautéed with the colors of the flag: green chilies, white onions, and red tomatoes."
Grilled Salmon with Mango Salsa,Mexican,Main Course: Fresh salmon fillet seasoned with lime and topped with a sweet and spicy tropical mango-habanero relish.
Lobster Tacos,Mexican,Main Course: Succulent lobster meat in warm tortillas with chipotle mayo and mango salsa. Luxurious coastal comfort.
Duck Mole,Mexican,"Main Course: Tender roasted duck legs smothered in a rich, dark Oaxacan mole sauce. Silky, nutty, and sophisticated."
Shrimp al Mojo de Ajo Main,Mexican,"Main Course: Large portion of prawns sautéed in a buttery, roasted garlic and lime sauce. Served with rice."
Pollo con Crema,Mexican,"Main Course: Strips of chicken breast simmered in a rich, velvety cream sauce with poblano peppers and corn."
Seafood Enchiladas,Mexican,"Main Course: Corn tortillas stuffed with shrimp and scallops, topped with a creamy habanero-tomatillo sauce."
Veggie Fajitas,Mexican,"Main Course: A sizzling platter of grilled zucchini, mushrooms, and bell peppers with fajita spices and lime."
Mushroom Enchiladas,Mexican,Main Course: Earthy wild mushrooms and spinach rolled in tortillas and topped with a spicy red guajillo sauce.
Tacos de Lengua,Mexican,"Main Course: Traditional slow-cooked beef tongue tacos. Known for a meltingly tender, fatty, and rich texture."
Braised Pork Ribs in Adobo,Mexican,"Main Course: Costillas en Adobo. Pork ribs slow-cooked in a thick, smoky, and spicy dried-chili paste."
Grilled Octopus with Chorizo,Mexican,Main Course: Charred octopus paired with spicy crumbled chorizo and roasted potatoes. Smoky and intensely savory.
Crispy Beef Tacos,Mexican,"Main Course: Tacos Dorados. Hard-shell corn tacos filled with seasoned ground beef, lettuce, and shredded cheese."
Mixed Grill Parrillada,Mexican,"Main Course: A festive platter of grilled steak, chicken, chorizo, and nopal (cactus). A meat-heavy feast."
Snapper with Garlic Sauce,Mexican,"Main Course: Whole or filleted red snapper in a pungent, golden garlic sauce with parsley and citrus."
Pork Adobo,Mexican,"Main Course: Chunks of pork shoulder braised in a tangy, spicy sauce of vinegar and smoked chilies. Zesty and bold."
Chicken Flautas Main,Mexican,"Main Course: A large platter of crispy rolled chicken tacos topped with lettuce, crema, and queso fresco."
Grilled Swordfish with Lime,Mexican,"Main Course: Meaty swordfish steaks seasoned with Tajin and lime, grilled until charred and juicy."
Lamb Chops with Salsa Verde,Mexican,"Main Course: Grilled lamb chops topped with a sharp, herbaceous green sauce made of tomatillos and cilantro."
Roasted Cauliflower with Mole,Mexican,Main Course: A modern vegetarian centerpiece. Whole roasted cauliflower drenched in complex Poblano mole.
Beef Burrito Gigante,Mexican,"Main Course: A massive flour tortilla stuffed with steak, rice, beans, cheese, and salsa. Hearty and filling."
Chimichanga Supreme,Mexican,Main Course: A deep-fried burrito filled with spiced meat and topped with melted cheese and guacamole. Very crunchy.
Vegetable Enchiladas,Mexican,Main Course: A healthy blend of seasonal vegetables rolled in corn tortillas with a mild tomato-chili sauce.
Grilled Branzino Mexican Style,Mexican,Main Course: Pescado Zarandeado. Split sea bass marinated in achiote and grilled over charcoal.
Crab Meat Enchiladas,Mexican,"Main Course: Delicate lump crab meat in tortillas, topped with a mild, creamy white sauce and avocado slices."
Seafood Paella Mexican Style,Mexican,Main Course: Arroz a la Tumbada. A wet rice dish from Veracruz with a bounty of coastal seafood and chilies.
Tostada Tower,Mexican,"Main Course: Layered crispy tortillas with beans, meat, and fresh toppings. A vertical, crunchy architectural meal."
Churros with Chocolate Sauce,Mexican,"Dessert: Deep-fried dough spirals coated in cinnamon sugar, served with spicy dark chocolate dip. Crunchy and iconic."
Tres Leches Cake,Mexican,"Dessert: Sponge cake soaked in three types of milk: evaporated, condensed, and whole. Incredibly moist, sweet, and milky."
Flan,Mexican,"Dessert: Classic creamy caramel custard with a clear caramel sauce. Silky, smooth, and gently flavored with vanilla."
Sopapillas with Honey,Mexican,"Dessert: Light, airy fried pastry puffs drizzled with honey and dusted with cinnamon sugar. Pillowy and sweet."
Fried Ice Cream,Mexican,Dessert: A ball of vanilla ice cream coated in breading or cornflakes and deep-fried quickly. Hot-cold and crunchy.
Chocoflan,Mexican,Dessert: 'The Impossible Cake.' A layered dessert featuring dense chocolate cake on the bottom and creamy flan on top.
Arroz con Leche,Mexican,"Dessert: Traditional rice pudding cooked with milk, sugar, and a heavy dose of cinnamon and raisins. Comforting."
Buñuelos,Mexican,"Dessert: Crispy, paper-thin fried dough discs sprinkled with cinnamon sugar. A festive, highly crunchy holiday treat."
Dulce de Leche Cheesecake,Mexican,"Dessert: Rich cheesecake swirled with thick Mexican milk caramel. Decadent, smooth, and deeply sweet."
Mexican Hot Chocolate Lava Cake,Mexican,"Dessert: Molten chocolate cake with a liquid center, flavored with cinnamon and a hint of cayenne pepper."
Pastel de Elote,Mexican,"Dessert: A rustic, semi-sweet corn cake made with fresh kernels. Dense, moist, and uniquely textured."
Coconut Flan,Mexican,Dessert: A tropical variation of the classic custard made with coconut milk and topped with toasted coconut flakes.
Mango Sorbet with Chamoy,Mexican,"Dessert: Refreshing mango sorbet drizzled with salty, spicy, and tangy chamoy sauce and tajin. A flavor explosion."
Cajeta Crepes,Mexican,Dessert: Thin crepes smothered in cajeta (goat's milk caramel) and topped with chopped pecans. Nutty and rich.
Tequila Lime Pie,Mexican,"Dessert: A boozy, zesty twist on key lime pie with a hint of tequila in a graham cracker crust. Sharp and bright."
Guava Empanadas,Mexican,"Dessert: Flaky pastry pockets filled with sweet guava paste and cream cheese. Tangy, fruity, and buttery."
Chocolate Chili Tart,Mexican,"Dessert: A dark chocolate ganache tart infused with ancho or guajillo chilies for a sophisticated, warming heat."
Fried Plantains with Ice Cream,Mexican,Dessert: Caramelized ripe plantains served warm with vanilla bean ice cream and a drizzle of honey.
Churro Sundae,Mexican,"Dessert: Vanilla gelato topped with warm churro bites, chocolate sauce, and whipped cream. A textural medley."
Mexican Wedding Cookies,Mexican,"Dessert: Polvorones. Buttery, crumbly shortbread balls made with ground walnuts and rolled in powdered sugar."
Natillas,Mexican,"Dessert: A light, silky vanilla custard similar to pudding, heavily dusted with ground cinnamon."
Kahlua Bread Pudding,Mexican,"Dessert: Comforting bread pudding soaked in a custard spiked with coffee liqueur. Rich, boozy, and warm."
Mezcal Poached Pears,Mexican,"Dessert: Whole pears simmered in a syrup of honey and smoky mezcal. Earthy, floral, and refined."
Cinnamon Sugar Tortillas,Mexican,"Dessert: Flour tortillas fried until crisp and coated in cinnamon sugar. A simple, crunchy home-style snack."
Apple Chimichangas,Mexican,Dessert: A deep-fried flour tortilla stuffed with spiced apple filling and served with caramel sauce.
Passion Fruit Tart,Mexican,"Dessert: Zesty and tropical tart made with fresh passion fruit pulp. Bright, acidic, and refreshingly sweet."
Strawberry Tamales,Mexican,Dessert: Sweet pink masa tamales filled with strawberry preserves and raisins. A traditional festive breakfast or dessert treat.
Horchata Panna Cotta,Mexican,"Dessert: A silky fusion dessert capturing the flavors of rice milk, cinnamon, and vanilla in a creamy Italian-style pudding."
Pumpkin Flan,Mexican,Dessert: Seasonal flan made with roasted pumpkin puree and warm spices like cinnamon and cloves. Earthy and velvety.
Chocolate Avocado Mousse,Mexican,"Dessert: Modern healthy twist using ripe avocados for a rich, buttery texture combined with dark Mexican cocoa."
Churro Cheesecake,Mexican,Dessert: A viral hybrid featuring creamy cheesecake filling sandwiched between cinnamon-sugar churro crusts.
Dulce de Leche Cookies,Mexican,Dessert: Alfajores-style soft cookies sandwiched with thick milk caramel and rolled in shredded coconut.
Lime Tart,Mexican,"Dessert: Similar to key lime but using Mexican limes for a sharper, more floral citrus profile in a buttery crust."
Hibiscus Granita,Mexican,"Dessert: Icy, refreshing shaved ice made from dried Jamaica flowers. Deep red, tart, and floral."
Caramelized Peaches with Cream,Mexican,Dessert: Ripe peaches seared with piloncillo sugar and served with a dollop of thick Mexican crema.
Mexican Brownies with Chili,Mexican,Dessert: Fudgy dark chocolate brownies with a hidden kick of ancho chili and cinnamon. Deeply aromatic.
Vanilla Bean Flan,Mexican,"Dessert: The purest form of Mexican custard, featuring high-quality Papantla vanilla beans and a golden caramel top."
Spiced Fruit Platter,Mexican,"Dessert: Fresh mango, jicama, and watermelon topped with lime juice, sea salt, and spicy chili powder."
Coffee Flan,Mexican,"Dessert: A rich, caffeinated custard made with strong Oaxacan coffee and topped with a bittersweet caramel sauce."
Sweet Empanadas (Assorted),Mexican,"Dessert: Small pastry pockets filled with various fruits like pineapple, cajeta, or sweet potato. Flaky and sweet."
Papaya with Lime and Chili,Mexican,Dessert: Slices of ripe papaya finished with a squeeze of lime and a pinch of salt and chili. A classic street snack.
Caramelized Walnuts,Mexican,Dessert: Walnuts glazed in a hard cinnamon-sugar shell with a touch of salt. Crunchy and nutty.
Banana Empanadas,Mexican,Dessert: Golden fried pastries filled with caramelized bananas and a hint of piloncillo sugar.
Matcha Mexican Chocolate Truffles,Mexican,"Dessert: Fusion truffles combining earthy green tea with spicy, stone-ground Mexican chocolate."
Honey Drizzled Sopapillas,Mexican,"Dessert: Simple, puffy fried dough served warm and saturated with wildflower honey and cinnamon."
Paletas (Mexican Popsicles),Mexican,"Dessert: Traditional ice pops made from fresh fruit (agua) or cream (leche). Vibrant, icy, and naturally sweet."
Pineapple Upside-Down Cake,Mexican,Dessert: Volteado de Piña. A classic moist sponge cake with caramelized pineapple rings and cherries.
Margarita Sorbet,Mexican,"Dessert: A frozen, boozy treat mimicking the cocktail with lime, salt, and a hint of agave. Sharp and cooling."
Almond Mexican Cookies,Mexican,"Dessert: Amantecados. Crumbly, buttery cookies made with almond flour and dusted with cinnamon."
Assorted Mexican Dessert Platter,Mexican,"Dessert: A grand sampler featuring flan, churros, tres leches, and assorted sweet tamales. A full flavor journey."
Guacamole with Warm Tortilla Chips,Mexican,"Mexican Appetizer: Creamy mashed avocado with lime, onion, and cilantro. Served with crunchy corn chips. Fresh and iconic."
Queso Fundido with Chorizo,Mexican,"Mexican Appetizer: Melted Mexican cheeses topped with spicy, crumbly chorizo sausage. Gooey, savory, and decadent."
Ceviche Blanco,Mexican,"Mexican Appetizer: Fresh white fish cured in lime juice with onions, tomatoes, and cilantro. Bright, acidic, and oceanic."
Esquites,Mexican,"Mexican Appetizer: Warm corn kernels sautéed with epazote and topped with lime, chili powder, and crema. Street food in a cup."
Shrimp Aguachile,Mexican,"Mexican Appetizer: Raw shrimp submerged in a liquid seasoned with chili peppers, lime juice, salt, cilantro, and cucumber. Fiery and sharp."
Nachos Supreme,Mexican,"Mexican Appetizer: Crispy corn tortilla chips piled high with beans, melted cheese, jalapeños, and salsa. Party favorite."
Quesadilla de Flor de Calabaza,Mexican,Mexican Appetizer: Traditional folded tortilla filled with delicate squash blossoms and melted Oaxaca cheese. Earthy and mild.
Chilaquiles Verdes,Mexican,Mexican Appetizer: Fried tortilla pieces simmered in a tangy green tomatillo sauce. Zesty and slightly spicy.
Beef Flautas,Mexican,"Mexican Appetizer: Floured tortillas rolled with shredded beef and deep-fried until golden. Long, thin, and very crunchy."
Chicken Taquitos,Mexican,Mexican Appetizer: Small corn tortillas rolled with chicken and fried. Served with guacamole and sour cream. Crispy finger food.
Gorditas,Mexican,Mexican Appetizer: 'Little fat ones.' Thick masa cakes slit open and stuffed with various savory fillings. Starchy and comforting.
Sopes de Chorizo,Mexican,"Mexican Appetizer: Thick corn masa base with pinched edges, topped with beans, chorizo, and fresh cheese. Textured street snack."
Tostadas de Tinga,Mexican,Mexican Appetizer: Crispy flat corn tortillas topped with shredded chicken in a smoky chipotle tomato sauce.
Tuna Tostada,Mexican,"Mexican Appetizer: Fresh raw tuna slices on a crunchy tortilla with avocado and lime. A modern, light seafood starter."
Sopa de Lima,Mexican,Mexican Soup: Traditional Yucatán lime soup with shredded chicken and crispy tortilla strips. Intensely citrusy and light.
Tortilla Soup,Mexican,"Mexican Soup: Rich tomato and chili-based broth served with crispy tortillas, avocado, and cheese. Smoky and warming."
Elote,Mexican,"Mexican Appetizer: Grilled corn on the cob slathered in crema, cotija cheese, and chili powder. Smoky, sweet, and tangy."
Carne Asada Fries,Mexican,"Mexican Appetizer: A border-style favorite. French fries topped with grilled steak, melted cheese, and guacamole."
Camarones al Mojo de Ajo,Mexican,"Mexican Appetizer: Plump shrimp sautéed in a rich, buttery garlic sauce with a hint of citrus. Fragrant and savory."
Tamales (Chicken/Pork),Mexican,"Mexican Appetizer: Corn masa dough steamed in a corn husk, filled with spiced chicken or pork. Traditional and earthy."
Octopus Tostada,Mexican,"Mexican Appetizer: Tender charred octopus on a crispy tortilla with salsa macha and lime. Smoky, chewy, and bold."
Empanadas de Carne,Mexican,Mexican Appetizer: Flaky pastry pockets filled with spiced ground beef and raisins. Savory with a hint of sweetness.
Jalapeño Poppers,Mexican,"Mexican Appetizer: Fresh jalapeños stuffed with cheese, breaded and fried. A crunchy, fiery snack."
Tlacoyos,Mexican,"Mexican Appetizer: Oval-shaped masa cakes stuffed with fava beans or cheese and grilled. An ancient, starchy Mexican staple."
Shrimp Cocktail (Mexican),Mexican,"Mexican Appetizer: Coctel de Camarón. Shrimp in a chilled, sweet and tangy tomato sauce with avocado and lime."
"Arnaki Lemonato","Greek","Main: Slow-roasted tender lamb in a bright, garlic-herb lemon sauce. Zesty, savory, and fall-off-the-bone tender."
"Briam","Greek","Main: Traditional Greek roasted vegetables including zucchini, eggplant, and potatoes in olive oil and tomato. Herbal and earthy."
"Halloumi Souvlaki with Vegetables","Greek","Appetizer: Grilled skewers of salty halloumi cheese and Mediterranean vegetables. Charred, squeaky texture with herbal notes."
"Loukoumades with Honey","Greek","Dessert: Deep-fried golden dough balls soaked in honey syrup and sprinkled with cinnamon. Crunchy and sweet."
"Revithia","Greek","Main: Slow-cooked chickpea soup with lemon, rosemary, and olive oil. Creamy, earthy, and comforting vegan staple."
"Aloo Tikki Chaat","Indian","Appetizer: Crispy spiced potato patties topped with yogurt, chutneys, and crunchy sev. Multi-textural, tangy, and spicy."
"Kathi Roll","Indian","Main: Street-style wrap with spiced meat or paneer and onions rolled in a buttery paratha. Handheld, savory, and aromatic."
"Kulfi Falooda","Indian","Dessert: Dense traditional ice cream served with rose syrup, vermicelli, and basil seeds. Floral, cold, and creamy."
"Misal Pav","Indian","Main: Spicy sprout curry topped with crunchy farsan and served with buttered bread. High-heat, textured street food."
"Rogan Josh","Indian","Main: Iconic Kashmiri slow-cooked lamb in a rich, aromatic red gravy of yogurt, ginger, and bold spices. Deeply savory."
"Uttapam","Indian","Main: Savory thick rice and lentil pancakes topped with onions, tomatoes, and chilies. Fermented, tangy, and soft."
"Melanzane alla Parmigiana","Italian","Main: Layers of fried eggplant, rich tomato sauce, and melted mozzarella and parmesan. Deeply savory and comforting."
"Pappa al Pomodoro","Italian","Appetizer: Thick Tuscan bread and tomato soup infused with garlic and fresh basil. Hearty, rustic, and aromatic."
"Porchetta Panino","Italian","Main: Roast pork sandwich seasoned with fennel, garlic, and rosemary with crispy skin. Fatty, salty, and highly aromatic."
"Ribollita","Italian","Main: Classic hearty Tuscan bread and vegetable stew with lacinato kale and cannellini beans. Earthy and filling."
"Saltimbocca","Italian","Main: Tender veal lined with salty prosciutto and fresh sage, sautéed in white wine. Highly aromatic, savory, and refined."
"Suppli","Italian","Appetizer: Roman fried rice balls stuffed with melting mozzarella and tomato meat sauce. Crispy exterior with a gooey center."
"Birria Ramen","Mexican","Main: Fusion dish of Japanese ramen noodles in a rich, spicy Mexican beef birria consommé. Extreme umami and fat."
"Marquesitas","Mexican","Dessert: Thin, crispy rolled wafers filled with edam cheese and sweet toppings like cajeta. Crunchy, sweet, and salty."
"Mole Poblano","Mexican","Main: Complex, dark sauce made from dried chilies, chocolate, and spices served over chicken. Earthy, spicy, and smoky."
"Nieve de Mango","Mexican","Dessert: Refreshing Mexican mango sorbet often seasoned with chili powder and lime. Cold, sweet, and zesty."
"Rajas con Crema","Mexican","Appetizer: Roasted poblano chili strips in a rich, savory cream sauce with corn. Smoky, mild spice, and velvety."
"Tlayuda","Mexican","Main: Large, thin, toasted tortilla topped with refried beans, lard, Oaxacan cheese, and grilled meats. Crunchy Mexican pizza."
"Torta Ahogada","Mexican","Main: Pork sandwich 'drowned' in a spicy tomato and chili sauce. Bold, messy, and high-acid."
"Kai Jeow","Thai","Appetizer: Thai-style crispy omelet seasoned with fish sauce and green onions. Golden, airy, and savory."
"Kanom Jeen Nam Ya","Thai","Main: Thin rice noodles served with a spicy, aromatic minced fish curry sauce. Herbal, spicy, and smooth."
"Khanom Krok","Thai","Dessert: Sweet and savory grilled coconut milk pancakes. Crispy on the outside, custardy on the inside."
"Massaman Beef Curry","Thai","Main: Rich, mild Thai curry with Persian influence, featuring peanuts, potatoes, and warm spices. Creamy and sweet-savory."
"Moo Ping","Thai","Appetizer: Thai street-style thin sliced pork skewers marinated in coconut milk and cilantro root, grilled over charcoal. Sweet-savory."
"Thai Coconut Ice Cream","Thai","Dessert: Refreshing coconut milk ice cream often served in a coconut shell with peanuts. Tropical, cold, and creamy."